{
    "colsample_bytree": 0.4632290900962973,
    "learning_rate": 0.08922277668071008,
    "max_depth": 10
}