{
    "colsample_bytree": 0.36969081538302073,
    "learning_rate": 0.05463016788884769,
    "max_depth": 9
}