{
    "colsample_bytree": 0.2149272878729536,
    "learning_rate": 0.039959343398572246,
    "max_depth": 10
}