{
    "colsample_bytree": 0.5528817123181797,
    "learning_rate": 0.0930447552371874,
    "max_depth": 8
}