{
    "colsample_bytree": 0.682234754698679,
    "learning_rate": 0.05075603409842024,
    "max_depth": 6
}