{
    "colsample_bytree": 0.4295250048397928,
    "learning_rate": 0.0986197480408022,
    "max_depth": 7
}