{
    "colsample_bytree": 0.21329992480414922,
    "learning_rate": 0.08569501578478811,
    "max_depth": 9
}