{
    "colsample_bytree": 0.20024236149143704,
    "learning_rate": 0.05521144076503663,
    "max_depth": 9
}