{
    "colsample_bytree": 0.48682054017467663,
    "learning_rate": 0.0992886339192414,
    "max_depth": 10
}