{
    "colsample_bytree": 0.6500492676535484,
    "learning_rate": 0.05614386615826222,
    "max_depth": 10
}