{
    "colsample_bytree": 0.5252187923466316,
    "learning_rate": 0.05156546908561324,
    "max_depth": 8
}