{
    "colsample_bytree": 0.649162103405563,
    "learning_rate": 0.013313875538888876,
    "max_depth": 7
}